mode,pct,w,reentry,cagr,sharpe,maxdd,final100k,exposure,switches,bh_cagr,bh_sharpe,bh_maxdd,bh_final100k
confluence,0.85,60,either,0.08945259163514252,0.52728754611328,-0.5806759835420587,582.8537701713693,0.863186493304871,98,0.112130572197215,0.5815938905912914,-0.5518945380825777,890.5386955411014
confluence,0.85,60,vvix,0.07879486813160463,0.47188220587714075,-0.5806759835420587,476.1190923420573,0.8071026586454493,56,0.112130572197215,0.5815938905912914,-0.5518945380825777,890.5386955411014
confluence,0.85,120,either,0.08677907368819082,0.5118999838761509,-0.5806759835420587,554.1211413605695,0.8620221230351252,90,0.112130572197215,0.5815938905912914,-0.5518945380825777,890.5386955411014
confluence,0.85,120,vvix,0.08044598816963866,0.48136767573298356,-0.5806759835420587,491.33902549337006,0.8109838928779352,52,0.112130572197215,0.5815938905912914,-0.5518945380825777,890.5386955411014
confluence,0.9,60,either,0.08734093051344738,0.5092704973235977,-0.5806759835420587,560.0453030133042,0.8796817387929362,68,0.112130572197215,0.5815938905912914,-0.5518945380825777,890.5386955411014
confluence,0.9,60,vvix,0.0799287332715164,0.47613712806543274,-0.5806759835420587,486.52190096685433,0.8202988550359014,44,0.112130572197215,0.5815938905912914,-0.5518945380825777,890.5386955411014
confluence,0.9,120,either,0.08794608354198852,0.5147937593922982,-0.5806759835420587,566.4933586105609,0.8773529982534446,62,0.112130572197215,0.5815938905912914,-0.5518945380825777,890.5386955411014
confluence,0.9,120,vvix,0.08244769268556174,0.4908399457277154,-0.5806759835420587,510.4116670993469,0.8234038424218901,40,0.112130572197215,0.5815938905912914,-0.5518945380825777,890.5386955411014
confluence,0.95,60,either,0.09589086991239282,0.5457131363620151,-0.5789133374040314,657.9764292567614,0.9181059576945468,36,0.112130572197215,0.5815938905912914,-0.5518945380825777,890.5386955411014
confluence,0.95,60,vvix,0.08856677641024557,0.5134944774577127,-0.5789133374040314,573.180335621144,0.8659033572676111,26,0.112130572197215,0.5815938905912914,-0.5518945380825777,890.5386955411014
confluence,0.95,120,either,0.09516417643180586,0.5437973641920518,-0.5789133374040314,649.057415290626,0.913642538327188,34,0.112130572197215,0.5815938905912914,-0.5518945380825777,890.5386955411014
confluence,0.95,120,vvix,0.08856677641024557,0.5134944774577127,-0.5789133374040314,573.180335621144,0.8659033572676111,26,0.112130572197215,0.5815938905912914,-0.5518945380825777,890.5386955411014
ad_only,0.5,60,either,0.07572118030051578,0.47228691201058864,-0.5527828198643291,448.9728771120617,0.6539879681738793,1216,0.112130572197215,0.5815938905912914,-0.5518945380825777,890.5386955411014
ad_only,0.5,120,either,0.07425161856726992,0.46147632995562937,-0.554120062661484,436.5205531735083,0.6770813118571706,1056,0.112130572197215,0.5815938905912914,-0.5518945380825777,890.5386955411014
vvix_only,0.85,60,either,0.06595886225239433,0.5518914198970137,-0.33512391550996956,372.18444973679624,0.7102658645449252,234,0.112130572197215,0.5815938905912914,-0.5518945380825777,890.5386955411014
vvix_only,0.85,60,vvix,0.0640138789854281,0.5512849155550282,-0.33512391550996923,358.45873569242394,0.6563167087133709,140,0.112130572197215,0.5815938905912914,-0.5518945380825777,890.5386955411014
vvix_only,0.9,60,either,0.06857778160878092,0.5218266707281569,-0.4781643231158056,391.45770824108473,0.7657675140694741,150,0.112130572197215,0.5815938905912914,-0.5518945380825777,890.5386955411014
vvix_only,0.9,60,vvix,0.06711544188668728,0.5313836105496946,-0.4781643231158056,380.5819606153923,0.6992043469823404,94,0.112130572197215,0.5815938905912914,-0.5518945380825777,890.5386955411014
vvix_only,0.95,60,either,0.07725088801978708,0.5571360002257625,-0.5073052085200558,462.2934618231154,0.8166116825150398,86,0.112130572197215,0.5815938905912914,-0.5518945380825777,890.5386955411014
vvix_only,0.95,60,vvix,0.07718598461893134,0.5861013981545942,-0.5073052085200558,461.7207303793789,0.740151368135067,60,0.112130572197215,0.5815938905912914,-0.5518945380825777,890.5386955411014
