vvix_look,vvix_pct,div_w,events,fwd5,hit5,t5,fwd10,hit10,t10,fwd20,hit20,t20,short5_cagr,short5_sharpe,short5_dd,short5_ovl,flat5_sharpe,short10_cagr,short10_sharpe,short10_dd,short10_ovl,flat10_sharpe
21,0.8,5,129,-0.004803781328030094,0.46511627906976744,-2.192954381181704,-0.008708265322122249,0.3953488372093023,-2.408199702322492,-0.015006680035158006,0.3984375,-2.8452091813182117,0.13173055399858802,0.672541839788929,-0.3124117907584071,0.44509805725964924,0.6797577359734225,0.1286487024104248,0.6568868817953519,-0.271316718952364,0.38153981436963114,0.7542535812617478
21,0.8,10,107,-0.006195388134996486,0.4953271028037383,-2.8575692271224398,-0.007546602278388532,0.3644859813084112,-2.3628277640843662,-0.015345841328204247,0.41509433962264153,-2.8462826150815155,0.11720651026123852,0.5982670352815936,-0.5081522846449307,0.18359982754431603,0.6091622935188992,0.1085312159279086,0.553976073762392,-0.47056014618363096,0.020597755225340464,0.6168714405762091
21,0.8,20,95,-0.006924013739191092,0.5052631578947369,-3.117170220396355,-0.007735989644345411,0.37894736842105264,-2.4417543661912893,-0.015310858619463009,0.43157894736842106,-2.745374916628942,0.12114226687649521,0.6184062269498289,-0.5127263917576357,0.24207144514366474,0.6159579728499942,0.10171341913126764,0.5191223320617745,-0.4928207348077219,-0.10878863502931013,0.5856706743170411
21,0.9,5,97,-0.0016920127005167493,0.3711340206185567,-0.6638649320976947,-0.004954959162893873,0.3402061855670103,-1.125587430837593,-0.011523482724451728,0.3854166666666667,-1.9757366658546183,0.10178771227584704,0.5194473205503333,-0.36787202330756674,-0.09274247586794915,0.5865248348613359,0.11164420884835247,0.5698698068502143,-0.32690487967746296,0.07001828694696033,0.6817871333817627
21,0.9,10,79,-0.003264385620397616,0.379746835443038,-1.3390878425175492,-0.002909784338331823,0.31645569620253167,-0.8266293681846096,-0.00935492378493866,0.3974358974358974,-1.6559255394237196,0.10439429987955395,0.5327667763018608,-0.5215125195932204,-0.05588163414579239,0.5690846175939214,0.11260468256999445,0.5747992755870958,-0.4705601461836305,0.08048540360250866,0.6160955447097288
21,0.9,20,71,-0.0038234004692690913,0.36619718309859156,-1.4905543183529026,-0.0012977641554706345,0.30985915492957744,-0.42814490258221577,-0.008075219426581277,0.38028169014084506,-1.4348386208209534,0.10738756337065802,0.5480903069793726,-0.5127263917576359,-0.010094878434189214,0.5749199457201509,0.10135331895128497,0.5172896656716006,-0.4928207348077227,-0.12554950445402513,0.5757710044536902
63,0.8,5,85,-0.005730751040238943,0.5058823529411764,-1.9179047836573746,-0.011875892567717098,0.43529411764705883,-2.3565042591307597,-0.01735067460561517,0.38823529411764707,-2.472746248028107,0.1401847046615472,0.7157667574904705,-0.30615516105628304,0.5668276103425753,0.697652262153967,0.1608832520404544,0.821771010413291,-0.2973001279778902,0.914161163889599,0.8336426961179337
63,0.8,10,72,-0.00801990551799682,0.5277777777777778,-2.7123572340818374,-0.009771198132209507,0.4305555555555556,-2.3520200910411746,-0.013637946561952392,0.4027777777777778,-1.9519106292547486,0.1328848010115724,0.6784426921214467,-0.49987220794425635,0.43575683634840745,0.6465272989339685,0.1394453520228811,0.7120484023004134,-0.4760615000721101,0.5426391104578114,0.6921858991332404
63,0.8,20,59,-0.006869438316260681,0.5084745762711864,-2.2273461204898877,-0.007993577319991002,0.4067796610169492,-1.9571853165268154,-0.014038285446724107,0.3898305084745763,-1.803963928839307,0.12370012810981712,0.6314821267436561,-0.5351574104564831,0.2667421990404124,0.6160585769421728,0.12274739032036353,0.6266276377895492,-0.5078153732194087,0.24653051444562868,0.6314680080675638
63,0.9,5,45,-0.0069975842646696085,0.5111111111111111,-1.4427553927895918,-0.016528574455054366,0.4222222222222222,-1.942175014581697,-0.025324289471004263,0.4222222222222222,-2.340935132499572,0.15799043386770162,0.806935577957487,-0.30615516105628293,0.8439522291958184,0.7307976963031111,0.15252383427609262,0.7789668632341453,-0.32667531272647143,0.7503721904716494,0.7810010322891127
63,0.9,10,34,-0.009257182276910527,0.6176470588235294,-1.9348462804548567,-0.007869678692099553,0.35294117647058826,-1.1503068015536535,-0.015878201307458893,0.38235294117647056,-1.4038005563277263,0.12370789569492624,0.6315067608635344,-0.5307938665272547,0.2517276928213241,0.6114992055687748,0.1270052863659732,0.6484025714141806,-0.47606150007211,0.3061220711235324,0.640005425845437
63,0.9,20,24,-0.01132085683862347,0.625,-1.838919784195858,-0.0070188509246701045,0.375,-1.018547981387125,-0.019952736147514694,0.4166666666666667,-1.4257602985439541,0.12451314849911932,0.6356346981024144,-0.5351574104564831,0.25774855725983037,0.609818848337117,0.12113395111093217,0.6183581727323123,-0.5078153732194087,0.19765982480989397,0.6120042896122112
